lab,n,workers,time_s,ops,gops
lab_04,200,8,0.000035,16000000,463.392
lab_04,200,8,0.000036,16000000,444.444
lab_04,200,8,0.000033,16000000,488.281
lab_04,200,16,0.000029,16000000,558.036
lab_04,200,16,0.000029,16000000,558.036
lab_04,200,16,0.000029,16000000,558.036
lab_04,200,32,0.000029,16000000,558.036
lab_04,200,32,0.000029,16000000,558.036
lab_04,200,32,0.000029,16000000,556.174
lab_04,400,8,0.000238,128000000,538.793
lab_04,400,8,0.000236,128000000,543.478
lab_04,400,8,0.000242,128000000,529.661
lab_04,400,16,0.000173,128000000,740.604
lab_04,400,16,0.000177,128000000,722.543
lab_04,400,16,0.000177,128000000,723.982
lab_04,400,32,0.000181,128000000,706.215
lab_04,400,32,0.000181,128000000,706.215
lab_04,400,32,0.000181,128000000,708.843
lab_04,800,8,0.001816,1024000000,564.016
lab_04,800,8,0.001812,1024000000,564.972
lab_04,800,8,0.001816,1024000000,564.016
lab_04,800,16,0.001283,1024000000,798.065
lab_04,800,16,0.001287,1024000000,795.545
lab_04,800,16,0.001288,1024000000,794.913
lab_04,800,32,0.001323,1024000000,773.994
lab_04,800,32,0.001327,1024000000,771.605
lab_04,800,32,0.001322,1024000000,774.593
lab_04,1200,8,0.006044,3456000000,571.767
lab_04,1200,8,0.006064,3456000000,569.909
lab_04,1200,8,0.006045,3456000000,571.743
lab_04,1200,16,0.004267,3456000000,809.935
lab_04,1200,16,0.004245,3456000000,814.044
lab_04,1200,16,0.004265,3456000000,810.324
lab_04,1200,32,0.004458,3456000000,775.149
lab_04,1200,32,0.004458,3456000000,775.149
lab_04,1200,32,0.006428,3456000000,537.677
lab_04,1600,8,0.023272,8192000000,352.006
lab_04,1600,8,0.027103,8192000000,302.250
lab_04,1600,8,0.031490,8192000000,260.146
lab_04,1600,16,0.026358,8192000000,310.800
lab_04,1600,16,0.034820,8192000000,235.266
lab_04,1600,16,0.020041,8192000000,408.770
lab_04,1600,32,0.020448,8192000000,400.621
lab_04,1600,32,0.019431,8192000000,421.585
lab_04,1600,32,0.019439,8192000000,421.430
lab_04,2000,8,0.045398,16000000000,352.438
lab_04,2000,8,0.039779,16000000000,402.220
lab_04,2000,8,0.034819,16000000000,459.518
lab_04,2000,16,0.024295,16000000000,658.560
lab_04,2000,16,0.035604,16000000000,449.382
lab_04,2000,16,0.031074,16000000000,514.893
lab_04,2000,32,0.033170,16000000000,482.356
lab_04,2000,32,0.033878,16000000000,472.283
lab_04,2000,32,0.033511,16000000000,477.449
